Workbook

Sheet الملخص التنفيذي
B2: منصة سيدة — الملخص التنفيذي للتكاليف والإيرادات
B3: نظام إدارة مواعيد الصالونات النسائية
B5: البند | C5: القيمة | D5: ملاحظة
B6: متوسط الإيراد الشهري للعميلة (اشتراك) | C6: 400 | D6: وسيط بين باقة 199 و999 ريال — خلية مرجعية C6
B7: تكلفة خدمة الصالون الواحد شهرياً | C7: =تكلفة!C21 | D7: مربوط بورقة التكلفة — تتحدث تلقائياً
B8: هامش الربح الإجمالي (متوسط) | C8: =1-C7/C6 | D8: بعد كل التكاليف المباشرة
B9: استثمار البدء المطلوب | C9: 3500 | D9: تفصيله في PDF شروط البدء
B10: نقطة التعادل | C10: =السيناريوهات!C18 | D10: أول شهر صافٍ موجب — من ورقة السيناريوهات
B11: المستهدف سنة أولى (صالونات) | C11: 300 | D11: هدف تسويقي
B12: الإيراد الشهري المتوقع عند 300 صالون | C12: =C6*C11 | D12: متوسط الاشتراك × عدد الصالونات
B14: الخلايا الصفراء أهداف/قرارات. كل ما عداه معادلات حية مرتبطة بالأوراق الأخرى.

Sheet تكلفة
B2: تكلفة خدمة الصالون الواحد شهرياً
B4: أولاً: الافتراضات (عدّل الخلايا الزرقاء — الكل يُعاد حسابه)
B5: متوسط المواعيد شهرياً (خط أساس) | C5: 100
B6: رسائل واتساب لكل موعد (تأكيد+تذكير+متابعة) | C6: 3
B7: سعر رسالة واتساب (هللة) | C7: 2.5
B8: متوسط سعر الخدمة | C8: 300
B9: نسبة العربون من سعر الخدمة | C9: 0.2
B10: عمولة بوابة الدفع (على العربون) | C10: 0.015
B12: ثانياً: بنود التكلفة الشهرية
B13: البند | C13: التكلفة/شهر | D13: طريقة الحساب
B14: رسائل واتساب (Meta Cloud API) | C14: =C5*C6*C7/100 | D14: المواعيد × الرسائل × سعر الرسالة (هللة÷100)
B15: رسوم بوابة الدفع (على العربون) | C15: =C5*C8*C9*C10 | D15: المواعيد × السعر × العربون × العمولة
B16: حصة الصالون من الخوادم | C16: =خوادم!E9/خوادم!C15 | D16: خوادم 300 صالون ÷ 300
B17: حصة الصالون من الدعم الفني | C17: =الدعم!E13/خوادم!C15 | D17: تكلفة الدعم الكلية عند 300 ÷ 300 صالون
B18: حصة الصالون من تكلفة اكتساب العميل | C18: 30 | D18: CAC موزعة على 12 شهراً
B20: إجمالي تكلفة الصالون الواحد شهرياً | C20: =SUM(C14:C18)
B22: الاشتراك المحصل (متوسط) | C22: 400
B23: هامش الربح الشهري لكل صالون | C23: =C22-C20
B24: نسبة الهامش | C24: =C23/C22
B26: الأرقام محافظة: رسائل Meta الخدمية أرخص فعلياً، والدعم ينخفض مع قاعدة المعرفة والفيديوهات.

Sheet خوادم
B2: تكلفة الخوادم حسب حجم المنصة
B4: عدد الصالونات | C4: الاستضافة (Vercel) | D4: قاعدة البيانات (Supabase) | E4: الإجمالي/شهر | F4: ملاحظات
B5: 25 | C5: 0 | D5: 0 | E5: =C5+D5 | F5: خطط مجانية تكفي بسهولة
B6: 100 | C6: 320 | D6: 360 | E6: =C6+D6 | F6: خطة Pro لقاعدة البيانات
B7: 300 | C7: 320 | D7: 720 | E7: =C7+D7 | F7: قاعدة أكبر + نسخ احتياطي يومي
B8: 700 | C8: 1200 | D8: 1440 | E8: =C8+D8 | F8: خوادم داخل السعودية (متطلبات PDPL)
B9: 1500 | C9: 2100 | D9: 2880 | E9: =C9+D9 | F9: توسع بنيوي + موازنات حمل
B12: الإجمالي السنوي عند 300 صالون | E12: =E7*12
B14: قيم مرجعية تستخدمها ورقة التكلفة:
B15: عدد الصالونات المرجعي | C15: 300
B18: PDPL: عند تجاوز ~500 صالون يُنصح بترحيل لخوادم داخل المملكة (STC/Oracle الرياض) — التكلفة مشمولة في صف 700+.

Sheet الدعم
B2: تكلفة الدعم الفني الشهرية
B4: عدد الصالونات | C4: موظفو الدعم | D4: التكلفة/شهر | E4: ملاحظة
B5: 50 | C5: 1 | D5: 6150 | E5: موظف واحد + أدوات
B6: 150 | C6: 1 | D6: 6150 | E6: الحد الأقصى لموظف واحد
B7: 400 | C7: 2 | D7: 12300 | E7: فريق من اثنين
B8: 1000 | C8: 4 | D8: 24600 | E8: فريق + نوبات
B11: الدعم المرجعي عند 300 صالون (استقراء خطي بين 150 و400)
B13: القيمة المرجعية ↑ | E13: =ROUND(E8+(E9-E8)*(300-150)/(400-150),0)
B16: توزيع تذاكر الدعم المتوقع
B17: النوع | C17: النسبة | D17: الوسيلة
B18: إعداد أول مرة (Onboarding) | C18: 0.35 | D18: استدعاء مجدول + فيديو تعريفي
B19: استفسارات استخدام | C19: 0.45 | D19: واتساب أعمال + قاعدة معرفة
B20: مشاكل تقنية فعلية | C20: 0.15 | D20: مراقبة استباقية تقللها
B21: فواتير واشتراكات | C21: 0.05 | D21: أتمتة كاملة
B23: قاعدة التشغيل: 1 موظف يخدم ~150 صالون مريحاً (~40 تذكرة/يوم). الفيديوهات وقاعدة المعرفة تخفض التذاكر ~40%.

Sheet السيناريوهات
B2: سيناريو أول سنة — إيراد مقابل تكلفة (محافظ)
B4: الشهر | C4: صالونات نشطة | D4: إيراد/شهر | E4: تكاليف/شهر | F4: صافي/شهر | G4: صافي تراكمي
B5: 1 | C5: 5 | D5: =C5*400 | E5: =ROUNDUP(C5/150,0)*6150+IF(C5<=25,0,IF(C5<=100,680,IF(C5<=300,1040,3120)))+C5*(تكلفة!C14+تكلفة!C15+تكلفة!C18) | F5: =D5-E5 | G5: =F5
B6: 2 | C6: 10 | D6: =C6*400 | E6: =ROUNDUP(C6/150,0)*6150+IF(C6<=25,0,IF(C6<=100,680,IF(C6<=300,1040,3120)))+C6*(تكلفة!C14+تكلفة!C15+تكلفة!C18) | F6: =D6-E6 | G6: =G5+F6
B7: 3 | C7: 20 | D7: =C7*400 | E7: =ROUNDUP(C7/150,0)*6150+IF(C7<=25,0,IF(C7<=100,680,IF(C7<=300,1040,3120)))+C7*(تكلفة!C14+تكلفة!C15+تكلفة!C18) | F7: =D7-E7 | G7: =G6+F7
B8: 4 | C8: 35 | D8: =C8*400 | E8: =ROUNDUP(C8/150,0)*6150+IF(C8<=25,0,IF(C8<=100,680,IF(C8<=300,1040,3120)))+C8*(تكلفة!C14+تكلفة!C15+تكلفة!C18) | F8: =D8-E8 | G8: =G7+F8
B9: 5 | C9: 55 | D9: =C9*400 | E9: =ROUNDUP(C9/150,0)*6150+IF(C9<=25,0,IF(C9<=100,680,IF(C9<=300,1040,3120)))+C9*(تكلفة!C14+تكلفة!C15+تكلفة!C18) | F9: =D9-E9 | G9: =G8+F9
B10: 6 | C10: 80 | D10: =C10*400 | E10: =ROUNDUP(C10/150,0)*6150+IF(C10<=25,0,IF(C10<=100,680,IF(C10<=300,1040,3120)))+C10*(تكلفة!C14+تكلفة!C15+تكلفة!C18) | F10: =D10-E10 | G10: =G9+F10
B11: 7 | C11: 110 | D11: =C11*400 | E11: =ROUNDUP(C11/150,0)*6150+IF(C11<=25,0,IF(C11<=100,680,IF(C11<=300,1040,3120)))+C11*(تكلفة!C14+تكلفة!C15+تكلفة!C18) | F11: =D11-E11 | G11: =G10+F11
B12: 8 | C12: 145 | D12: =C12*400 | E12: =ROUNDUP(C12/150,0)*6150+IF(C12<=25,0,IF(C12<=100,680,IF(C12<=300,1040,3120)))+C12*(تكلفة!C14+تكلفة!C15+تكلفة!C18) | F12: =D12-E12 | G12: =G11+F12
B13: 9 | C13: 180 | D13: =C13*400 | E13: =ROUNDUP(C13/150,0)*6150+IF(C13<=25,0,IF(C13<=100,680,IF(C13<=300,1040,3120)))+C13*(تكلفة!C14+تكلفة!C15+تكلفة!C18) | F13: =D13-E13 | G13: =G12+F13
B14: 10 | C14: 220 | D14: =C14*400 | E14: =ROUNDUP(C14/150,0)*6150+IF(C14<=25,0,IF(C14<=100,680,IF(C14<=300,1040,3120)))+C14*(تكلفة!C14+تكلفة!C15+تكلفة!C18) | F14: =D14-E14 | G14: =G13+F14
B15: 11 | C15: 260 | D15: =C15*400 | E15: =ROUNDUP(C15/150,0)*6150+IF(C15<=25,0,IF(C15<=100,680,IF(C15<=300,1040,3120)))+C15*(تكلفة!C14+تكلفة!C15+تكلفة!C18) | F15: =D15-E15 | G15: =G14+F15
B16: 12 | C16: 300 | D16: =C16*400 | E16: =ROUNDUP(C16/150,0)*6150+IF(C16<=25,0,IF(C16<=100,680,IF(C16<=300,1040,3120)))+C16*(تكلفة!C14+تكلفة!C15+تكلفة!C18) | F16: =D16-E16 | G16: =G15+F16
B18: نقطة التعادل — أول شهر صافٍ موجب | C18: =MATCH(TRUE,INDEX(F5:F16>0,0),0)
B19: الصافي التراكمي نهاية السنة | C19: =G16
B21: محافظ: لا يشمل دفعات سنوية مقدمة (تحسّن التدفق)، ولا رسوم تثبيت، ولا خدمات ترحيل مدفوعة.
